{
    "cornerPoints": [
        {
            "x": 1.8200000524520875,
            "y": 0.0,
            "z": -0.6000000238418579
        },
        {
            "x": -2.509999990463257,
            "y": 0.0,
            "z": -0.699999988079071
        },
        {
            "x": -2.549999952316284,
            "y": 0.0,
            "z": 0.6299999952316284
        },
        {
            "x": 1.600000023841858,
            "y": 0.0,
            "z": 2.549999952316284
        }
    ],
    "customHeight": 2.5
}